{"cameraMode":{"drawMode":0,"name":"Shaded","section":"Shading Mode"},"sceneLighting":false,"audioPlay":false,"sceneViewState":{"m_AlwaysRefresh":false,"showFog":true,"showSkybox":false,"showFlares":true,"showImageEffects":true,"showParticleSystems":true,"showVisualEffectGraphs":true,"m_FxEnabled":true},"in2DMode":false,"pivot":{"x":2.064854621887207,"y":2.171297550201416,"z":8.636651039123536},"rotation":{"x":0.04484494403004646,"y":0.2044963389635086,"z":0.008225490339100361,"w":-0.9778615236282349},"size":0.004872451536357403,"orthographic":false}