{"cameraMode":{"drawMode":0,"name":"Shaded","section":"Shading Mode"},"sceneLighting":false,"audioPlay":false,"sceneViewState":{"m_AlwaysRefresh":false,"showFog":true,"showSkybox":false,"showFlares":true,"showImageEffects":true,"showParticleSystems":true,"showVisualEffectGraphs":true,"m_FxEnabled":true},"in2DMode":false,"pivot":{"x":16.967077255249025,"y":4.234739780426025,"z":17.23822784423828},"rotation":{"x":-0.02940102107822895,"y":0.03676138445734978,"z":-0.0006889656069688499,"w":-0.9989965558052063},"size":7.978488445281982,"orthographic":false}