{"cameraMode":{"drawMode":0,"name":"Shaded","section":"Shading Mode"},"sceneLighting":true,"audioPlay":false,"sceneViewState":{"m_AlwaysRefresh":false,"showFog":true,"showSkybox":true,"showFlares":true,"showImageEffects":true,"showParticleSystems":true,"showVisualEffectGraphs":true,"m_FxEnabled":true},"in2DMode":false,"pivot":{"x":1.107555866241455,"y":4.977081775665283,"z":15.249568939208985},"rotation":{"x":-0.03754396364092827,"y":-0.8796094655990601,"z":0.06763812154531479,"w":-0.47003209590911868},"size":0.8660253882408142,"orthographic":false}