{"cameraMode":{"drawMode":0,"name":"Shaded","section":"Shading Mode"},"sceneLighting":false,"audioPlay":false,"sceneViewState":{"m_AlwaysRefresh":false,"showFog":true,"showSkybox":false,"showFlares":true,"showImageEffects":true,"showParticleSystems":true,"showVisualEffectGraphs":true,"m_FxEnabled":true},"in2DMode":false,"pivot":{"x":0.19350004196166993,"y":2.0550434589385988,"z":7.596563816070557},"rotation":{"x":0.11445076018571854,"y":0.24794705212116242,"z":-0.02963884361088276,"w":0.9615755677223206},"size":0.8660253882408142,"orthographic":false}