{"cameraMode":{"drawMode":0,"name":"Shaded","section":"Shading Mode"},"sceneLighting":true,"audioPlay":false,"sceneViewState":{"m_AlwaysRefresh":false,"showFog":true,"showSkybox":true,"showFlares":true,"showImageEffects":true,"showParticleSystems":true,"showVisualEffectGraphs":true,"m_FxEnabled":true},"in2DMode":false,"pivot":{"x":-1.4971439838409424,"y":2.1519887447357179,"z":10.536115646362305},"rotation":{"x":-0.0014074157224968076,"y":-0.9970528483390808,"z":0.06987978518009186,"w":-0.0436830036342144},"size":1.2018237113952637,"orthographic":false}