{"cameraMode":{"drawMode":0,"name":"Shaded","section":"Shading Mode"},"sceneLighting":false,"audioPlay":false,"sceneViewState":{"m_AlwaysRefresh":false,"showFog":true,"showSkybox":true,"showFlares":true,"showImageEffects":true,"showParticleSystems":true,"showVisualEffectGraphs":true,"m_FxEnabled":false},"in2DMode":false,"pivot":{"x":-1.3317979574203492,"y":-1.3819903135299683,"z":-11.94990348815918},"rotation":{"x":0.012295624241232872,"y":0.9868335127830505,"z":-0.10137512534856796,"w":0.12456589192152024},"size":12.920708656311036,"orthographic":false}