{"cameraMode":{"drawMode":0,"name":"Shaded","section":"Shading Mode"},"sceneLighting":false,"audioPlay":false,"sceneViewState":{"m_AlwaysRefresh":false,"showFog":true,"showSkybox":true,"showFlares":true,"showImageEffects":true,"showParticleSystems":true,"showVisualEffectGraphs":true,"m_FxEnabled":false},"in2DMode":false,"pivot":{"x":-8.47796630859375,"y":0.1823439598083496,"z":-3.3426055908203127},"rotation":{"x":-0.012608417309820652,"y":0.9870174527168274,"z":-0.09230507910251618,"w":-0.12998779118061067},"size":12.920708656311036,"orthographic":false}