{"cameraMode":{"drawMode":0,"name":"Shaded","section":"Shading Mode"},"sceneLighting":false,"audioPlay":false,"sceneViewState":{"m_AlwaysRefresh":false,"showFog":true,"showSkybox":false,"showFlares":true,"showImageEffects":true,"showParticleSystems":true,"showVisualEffectGraphs":true,"m_FxEnabled":true},"in2DMode":false,"pivot":{"x":-0.44138452410697939,"y":0.1983691304922104,"z":2.7505476474761965},"rotation":{"x":0.11755593866109848,"y":0.8206091523170471,"z":-0.18028979003429414,"w":0.5295630693435669},"size":1.3760995864868165,"orthographic":false}