{"cameraMode":{"drawMode":0,"name":"Shaded","section":"Shading Mode"},"sceneLighting":false,"audioPlay":false,"sceneViewState":{"m_AlwaysRefresh":false,"showFog":true,"showSkybox":false,"showFlares":true,"showImageEffects":true,"showParticleSystems":true,"showVisualEffectGraphs":true,"m_FxEnabled":true},"in2DMode":false,"pivot":{"x":-1.2735168933868409,"y":2.2137086391448976,"z":10.017111778259278},"rotation":{"x":0.13013231754302979,"y":-0.6267256736755371,"z":0.10876041650772095,"w":0.7606279850006104},"size":1.0542919635772706,"orthographic":false}