{"cameraMode":{"drawMode":0,"name":"Shaded","section":"Shading Mode"},"sceneLighting":false,"audioPlay":false,"sceneViewState":{"m_AlwaysRefresh":false,"showFog":true,"showSkybox":false,"showFlares":true,"showImageEffects":true,"showParticleSystems":true,"showVisualEffectGraphs":true,"m_FxEnabled":true},"in2DMode":false,"pivot":{"x":-36.22793960571289,"y":-0.28121790289878847,"z":-17.011505126953126},"rotation":{"x":0.0028899277094751598,"y":-0.9873010516166687,"z":0.015647608786821367,"w":0.15874692797660829},"size":9.922513961791993,"orthographic":false}