{"cameraMode":{"drawMode":0,"name":"Shaded","section":"Shading Mode"},"sceneLighting":false,"audioPlay":false,"sceneViewState":{"m_AlwaysRefresh":false,"showFog":true,"showSkybox":false,"showFlares":true,"showImageEffects":true,"showParticleSystems":true,"showVisualEffectGraphs":true,"m_FxEnabled":true},"in2DMode":false,"pivot":{"x":1.8082189559936524,"y":1.0842010974884034,"z":1.5221811532974244},"rotation":{"x":-0.005693306680768728,"y":-0.9922411441802979,"z":0.11750872433185578,"w":-0.04250312224030495},"size":2.709575653076172,"orthographic":false}